ID,MH112,SX28,MH116,SX38,SX138,SX29,SX31,SX30,SX100,SX88,SX83,MH117,MH118,SX12,SX98,SX101,SX34,SX7,SX16,SX103,SX79,SX93,SX35,SX54,SX104,SX74,SX78,MH108,SX6,SX62,SX75,SX69,SX49,MH113,SX52,SX59,SX86,SX96,SX32,MH133,SX42,SX56,MH114,SX73,SX8,SX45,MH125,SX50,SX47,SX10,SX55,MH110,SX27,MH119,SX97,SX94,SX60,SX3,SX61,SX36,SX91,MH126,SX23,SX43,SX44,SX137,MH111,MH106,SX89,SX2,SX58,MH121,SX80,SX95,SX64,SX66,SX4,SX63,MH132,MH127,SX85,MH128,SX41,SX39,SX37,MH122,MH107,SX13,SX77,SX65,SX90,SX76,SX102,MH131,MH120,MH130,MH115,SX53,SX40,SX67,MH124,SX1,SX33,SX99,SX57,SX9,SX92,SX5,MH109,MH129,SX82,SX142,SX68,SX84,SX87,SX17,SX81,SX46,SX135,SX48,SX139,SX71,SX141,SX70,SX136,SX19,SX26,SX24,SX14,SX18,SX25,SX20,SX51,SX22
OTU1,287,16473,24645,152,0,0,0,0,0,0,0,0,0,0,0,0,0,0,0,0,0,0,0,0,0,0,0,0,0,0,0,0,0,0,0,0,0,0,0,0,0,0,0,0,0,0,0,0,0,0,0,0,0,0,0,0,0,0,0,0,0,0,0,0,0,0,0,0,0,0,0,0,0,0,0,0,0,0,0,0,0,0,0,0,0,0,0,0,0,0,0,0,0,0,0,0,0,0,0,0,0,0,0,0,0,0,0,0,0,0,0,0,0,0,0,0,0,0,0,0,0,0,0,0,0,0,0,0,0,0,0,0,0,0
OTU10,0,0,0,0,0,0,0,0,0,0,0,0,0,0,0,0,0,0,0,0,0,0,0,0,0,0,0,0,0,2,0,0,0,0,0,0,0,0,0,0,0,0,0,0,0,0,0,0,0,0,0,0,0,0,0,0,0,0,0,0,0,6,0,0,0,0,0,0,0,0,0,0,0,0,0,0,0,0,0,0,0,0,0,0,0,0,0,0,0,0,0,0,0,0,0,0,0,0,0,0,0,0,0,0,0,0,0,0,0,0,0,0,0,0,0,0,0,0,0,0,0,0,0,0,0,0,0,0,0,0,0,0,0,0
OTU100,33,3,0,0,0,3,1,1,54,57,0,4,0,16,126,10,0,9,18,9,764,90,0,47,0,0,24,0,0,13,117,20,103,33,9,29,17,156,0,3,2,7,25,0,63,0,0,44,9,15,7,18,0,0,92,6,178,18,0,0,19,10,80,10,7,195,4,0,38,39,0,82,25,6,104,7,31,3,1,3,24,3,2,0,0,0,5,15,57,120,25,0,69,54,3,98,0,0,28,1,296,87,0,6,0,90,14,7,184,10,36,127,17,160,35,0,195,324,0,0,197,0,3,6,0,0,0,0,1,0,0,0,0,0
OTU101,0,0,0,0,0,0,0,0,0,0,0,0,0,0,0,0,0,0,0,0,0,0,0,0,0,0,0,0,0,0,0,0,0,0,0,0,0,0,0,0,0,0,0,0,0,0,0,0,0,0,0,0,0,1,0,0,0,1,0,0,0,0,0,0,0,0,0,0,0,0,0,0,3,0,0,0,0,0,0,0,0,0,0,0,0,0,0,0,0,0,0,0,0,0,0,0,0,0,0,0,0,0,0,0,0,0,0,0,0,0,0,0,0,0,0,0,0,0,0,0,0,0,0,0,0,0,0,0,0,0,0,0,0,0
OTU102,0,0,0,0,0,0,0,0,0,0,0,0,0,0,0,0,0,0,0,0,0,0,0,0,0,0,0,0,0,0,0,0,0,0,0,0,0,0,0,0,0,0,0,0,0,0,0,0,0,0,0,0,0,0,0,0,0,0,0,0,0,0,0,0,0,0,0,0,0,0,0,0,0,0,0,0,0,0,0,0,0,0,0,0,0,0,0,0,0,0,0,0,0,0,0,0,0,0,0,0,0,0,0,0,0,0,0,0,0,0,0,0,0,0,0,0,2,0,0,0,0,0,0,0,0,0,0,0,0,0,0,0,0,0
OTU103,0,0,0,0,0,0,0,0,0,0,0,0,0,0,0,0,0,0,0,0,0,0,0,0,0,0,0,0,0,0,0,0,0,0,0,0,0,0,0,0,0,0,0,0,0,0,0,0,0,0,0,0,0,0,0,0,0,0,0,0,0,0,0,0,0,0,0,0,0,0,0,0,0,0,0,0,0,0,0,0,0,0,0,0,0,0,0,0,0,0,0,0,0,0,0,0,0,0,0,0,0,0,0,0,0,0,0,0,0,0,8,0,0,0,0,0,0,0,0,0,0,0,0,0,0,0,0,0,0,0,0,0,0,0
OTU104,0,0,0,0,0,0,0,0,0,0,0,0,0,0,0,0,0,0,0,0,0,0,0,0,0,0,0,0,0,0,0,0,0,0,0,0,0,0,0,0,0,0,0,0,0,0,0,0,0,0,0,0,0,0,0,0,0,0,0,0,0,0,0,0,0,0,0,0,0,0,0,0,0,0,0,0,0,0,0,0,0,0,0,0,0,0,0,0,0,0,0,0,0,0,0,0,0,0,0,0,0,0,0,0,0,0,0,0,0,0,9,0,0,0,0,0,0,0,0,0,0,0,0,0,0,0,0,0,0,0,0,0,0,0
OTU105,0,0,0,0,0,0,0,0,0,0,0,0,0,0,0,0,0,0,0,0,0,0,0,0,0,0,0,0,0,0,0,0,0,0,0,0,0,0,0,0,0,0,0,0,0,0,0,0,0,0,0,0,0,0,0,0,0,0,0,0,0,0,0,0,0,0,0,0,0,0,0,0,0,0,0,0,0,0,0,0,0,0,0,0,0,0,0,0,0,0,0,0,0,0,0,0,0,0,0,0,0,0,0,0,0,0,0,0,0,0,0,0,0,2,0,0,0,0,0,0,0,0,0,0,0,0,0,0,0,0,0,0,0,0
OTU106,24,1,0,0,3,11,0,0,14,0,1,0,0,0,15,15,0,17,7,2,0,10,1,2,0,0,3,0,0,2,1,1,28,9,1,33,24,8,0,1,0,6,35,1,4,27,16,37,2,1,17,35,0,15,29,1,0,2,1,6,0,28,4,90,11,0,5,6,3,0,0,9,1,12,7,4,25,6,7,6,143,91,19,0,0,0,0,3,0,7,0,1,13,8,12,1,0,0,4,0,0,2,1,9,0,0,2,1,0,0,2,1,5,2,0,0,0,0,0,1,0,0,3,0,1,0,0,1,0,0,0,0,0,0
OTU107,5,15,0,11,38,4,0,0,5,2,123,0,0,65,7,38,5,97,62,25,0,20,1,87,18,33,64,5,1,0,133,39,91,26,2,6,91,44,30,17,0,5,12,0,11,5,1,32,25,58,59,16,0,18,34,75,18,7,211,14,25,19,60,8,55,0,2,3,31,2,0,38,19,10,11,57,21,14,18,26,9,13,16,0,7,104,21,83,77,40,20,0,70,75,13,67,0,1,13,2,62,63,0,35,0,96,29,73,93,17,36,26,26,25,30,59,67,4,0,3,7,2,39,0,0,0,0,14,0,0,0,0,0,0
OTU108,0,0,0,0,0,0,0,0,0,2,0,0,0,0,0,0,0,0,0,0,0,0,0,0,0,0,0,0,1,0,0,0,0,0,0,0,0,0,0,0,0,0,0,0,0,0,0,0,0,0,0,0,0,0,0,0,0,0,0,0,0,0,0,0,0,0,0,0,0,0,0,0,0,0,0,0,0,0,0,0,0,0,0,0,0,0,0,0,0,0,0,0,0,0,0,0,0,0,0,0,0,0,0,0,0,0,0,0,0,0,0,0,0,0,0,0,0,0,0,0,0,0,0,0,0,0,0,0,0,0,0,0,0,0
OTU109,0,0,0,0,0,0,0,0,0,50,0,0,0,0,0,0,0,0,0,0,0,0,0,0,0,0,0,0,0,0,0,0,0,0,0,0,0,0,0,0,0,0,0,0,0,0,0,0,0,0,0,0,0,0,0,0,0,0,0,0,0,0,0,0,0,0,0,0,0,0,0,0,0,0,0,0,0,0,0,0,0,0,0,0,0,0,0,0,0,0,0,0,0,0,0,0,0,0,0,0,0,0,0,0,0,0,0,0,0,0,0,0,0,0,0,0,0,0,0,0,0,0,0,0,0,0,0,0,0,0,0,0,0,0
OTU11,0,0,0,0,0,0,0,0,0,0,0,0,0,0,0,0,0,0,0,0,0,0,0,0,0,0,0,0,0,0,0,0,0,0,0,0,0,0,0,0,0,0,0,0,0,0,0,0,0,0,0,0,0,0,0,0,0,0,0,0,0,0,0,0,0,0,0,0,0,0,0,0,0,0,0,0,0,0,0,3,0,0,0,0,0,0,0,0,0,0,0,0,0,0,0,0,0,0,0,0,0,0,0,0,0,0,0,0,0,0,0,0,0,0,0,0,0,0,0,0,0,0,0,0,0,0,0,0,0,0,0,0,0,0
OTU110,0,0,0,0,0,0,0,0,0,127,0,0,0,0,0,0,0,0,0,0,0,0,0,0,0,0,0,0,0,0,0,0,0,0,0,0,0,0,0,0,0,0,0,0,0,0,0,0,0,0,0,0,0,0,0,0,0,0,0,0,0,0,0,0,0,0,0,0,0,0,0,0,0,0,0,0,0,0,0,0,0,0,0,0,0,0,0,0,0,0,0,0,0,0,0,0,0,0,0,0,0,0,0,0,0,0,0,0,0,0,0,0,0,0,0,0,0,0,0,0,0,0,0,0,0,0,0,0,0,0,0,0,0,0
OTU111,0,0,0,0,0,0,0,0,0,0,0,0,0,0,0,0,0,0,0,0,0,0,0,0,0,0,0,0,0,0,0,0,0,0,0,0,0,0,0,0,0,0,0,0,0,0,0,0,0,0,0,0,0,0,0,0,0,0,0,0,0,0,0,0,0,0,0,0,1,0,0,1,0,0,0,0,0,0,0,0,0,0,0,0,0,0,0,0,0,0,0,0,0,0,0,0,0,0,0,0,0,0,0,0,0,0,0,0,0,0,0,0,0,0,0,0,0,0,0,0,0,0,0,0,0,0,0,0,0,0,0,0,0,0
OTU112,0,0,0,0,0,0,0,0,0,0,0,0,0,0,0,0,0,0,0,0,0,0,0,0,0,0,0,0,0,0,0,0,0,0,0,0,0,0,0,0,0,0,0,0,0,0,0,0,0,0,0,0,0,0,0,0,0,0,0,0,0,0,0,0,0,0,0,0,0,0,0,0,0,0,0,0,0,0,0,0,0,0,0,0,0,0,0,0,0,0,0,0,0,0,0,0,0,0,0,0,0,0,0,0,0,0,1,0,0,0,0,0,0,0,0,0,0,0,0,0,0,0,0,0,0,0,0,0,0,0,0,0,0,0
OTU113,0,0,0,0,0,31,0,0,0,0,3,0,0,0,0,0,6,0,0,0,0,0,0,8,0,0,0,1,12,0,0,0,0,0,1,0,43,87,3,0,0,0,0,0,0,0,0,53,26,17,4,0,0,0,11,73,0,0,2,8,0,23,0,14,0,16,1,0,0,1,0,0,0,7,0,8,0,0,0,0,0,0,0,0,0,0,0,0,0,0,0,0,0,0,20,0,0,4,11,2,0,0,3,0,0,0,68,3,0,1,3,29,0,56,0,0,0,0,0,0,0,0,0,0,3,0,0,0,0,10,0,0,0,0
OTU114,10,11,0,4,0,16,0,0,14,0,0,0,0,0,1,0,3,0,1,3,0,0,5,0,0,0,3,0,1,0,0,1,2,0,8,5,0,0,0,0,0,2,12,0,8,14,15,4,0,0,0,20,1,2,0,6,0,0,4,7,1,6,0,0,1,9,5,7,0,3,4,1,2,9,7,0,6,19,17,0,0,0,0,0,0,0,0,0,0,0,0,0,0,0,0,0,6,0,0,0,0,0,0,0,0,0,0,0,0,0,0,0,0,0,0,0,0,0,0,0,0,0,0,0,0,0,0,0,0,0,0,0,0,0
OTU115,2,9,0,0,0,2,1,0,29,0,1,0,0,19,39,13,1,4,39,20,1,4,0,5,0,0,0,0,0,0,11,2,6,12,2,1,6,22,0,0,0,2,1,0,0,2,0,7,4,0,3,1,0,0,8,27,1,0,1,2,1,9,8,9,0,9,4,0,1,2,0,10,16,1,20,2,25,0,0,7,4,0,0,0,0,0,1,8,30,1,20,0,24,4,1,1,0,1,1,7,0,21,0,3,0,12,1,15,10,13,2,2,0,22,55,27,12,23,0,0,1,0,4,0,0,0,0,0,11,0,0,0,0,0
OTU116,0,0,0,0,0,0,0,0,0,0,0,0,0,0,0,0,0,0,0,0,0,0,0,0,0,0,0,0,0,0,0,0,0,0,0,0,0,6,0,0,0,0,0,0,0,0,0,0,0,0,0,0,0,0,0,0,0,0,0,0,0,0,0,0,0,0,0,0,0,0,0,0,0,0,0,0,0,0,0,0,0,0,0,0,0,0,0,0,0,0,0,0,0,0,0,0,0,0,0,0,0,0,0,0,0,0,0,0,0,0,0,0,0,0,0,0,0,0,0,0,0,0,0,0,0,0,0,0,0,0,0,0,0,0
OTU117,0,0,0,0,0,0,0,0,0,0,0,0,0,0,0,0,0,0,0,0,0,0,0,0,0,0,0,0,0,0,0,0,0,0,0,0,0,8,0,0,0,0,0,0,0,0,0,0,0,0,0,0,0,0,0,0,0,0,0,0,0,0,0,0,0,0,0,0,0,0,0,0,0,0,0,0,0,0,0,0,0,0,0,0,0,0,0,0,0,0,0,0,0,0,0,0,0,0,0,0,0,0,0,0,0,0,0,0,0,0,0,0,0,0,2,0,0,0,0,0,0,0,0,0,0,0,0,0,0,0,0,0,0,0
OTU118,0,0,0,0,0,0,0,0,0,0,0,0,0,0,0,0,0,0,0,0,0,0,0,0,0,0,0,0,0,0,0,0,0,0,0,0,0,5,0,0,0,0,0,0,0,0,0,0,0,0,0,0,0,0,0,0,0,0,0,0,0,0,0,0,0,0,0,0,0,0,0,0,0,0,0,0,0,0,0,0,0,0,0,0,0,0,0,0,0,0,0,0,0,0,0,0,0,0,0,0,0,0,0,0,0,0,0,0,0,0,0,0,0,0,0,0,0,0,0,0,0,0,0,0,0,0,0,0,0,0,0,0,0,0
OTU119,0,0,0,0,0,0,0,0,0,0,0,0,0,0,0,0,0,0,0,0,0,0,0,1,0,1,0,0,0,0,1,0,2,0,0,0,0,5,0,0,0,0,0,0,0,0,0,4,0,0,0,0,0,0,5,0,0,0,0,0,0,0,1,0,0,0,0,0,0,0,0,1,0,0,0,0,0,0,0,0,0,0,0,0,0,0,0,0,0,0,0,0,0,0,0,3,0,0,0,0,0,0,0,0,0,0,0,0,1,0,0,0,0,0,0,0,0,0,0,0,0,0,0,0,0,0,0,0,2,0,0,0,0,0
OTU12,0,0,0,0,0,0,0,0,0,0,0,0,0,0,0,0,0,0,0,0,0,0,0,0,0,0,0,0,0,0,0,0,0,0,0,0,0,0,0,173,0,0,0,0,0,0,0,0,0,0,0,0,0,0,0,0,0,0,133,0,0,0,0,0,0,0,0,0,0,0,0,0,0,0,0,0,0,0,0,0,0,0,0,0,0,0,0,0,0,0,0,0,0,0,0,0,0,0,0,0,0,0,0,0,0,0,0,0,0,0,0,0,0,0,0,0,0,0,0,0,0,0,0,0,0,0,0,0,0,0,0,0,0,0
OTU120,307,741,0,326,1,199,2953,1,271,768,1243,2,0,706,2331,2767,768,537,697,4539,2047,1101,0,4421,285,1038,454,4,0,28,1421,569,3575,1918,0,188,857,1680,0,5,659,344,776,0,541,52,30,1426,1502,249,973,28,0,163,2846,1093,251,572,116,290,830,530,1338,564,466,459,137,0,577,582,0,2860,721,54,11,805,232,83,12,3763,338,33,95,0,0,0,0,1144,2081,1516,3419,0,830,432,232,1632,0,1093,383,1385,12,806,0,2767,0,2041,686,374,2052,4212,699,509,702,810,1006,1341,74,393,0,0,3035,0,1898,0,1,0,0,0,8172,0,0,0,0,0
OTU121,0,0,0,0,0,0,0,0,0,0,0,0,0,0,0,0,0,0,0,0,0,0,0,0,0,0,0,0,0,0,0,0,0,0,0,0,0,0,0,0,0,0,0,0,0,0,0,0,0,0,0,0,0,0,3,0,0,0,0,0,0,0,0,0,0,0,0,0,0,0,0,0,0,0,0,0,0,0,0,0,0,0,0,0,0,0,0,0,0,0,0,0,0,0,0,0,0,0,0,0,0,0,0,0,0,0,0,0,0,0,0,0,0,0,0,0,0,0,0,0,0,0,0,0,0,0,0,0,0,0,0,0,0,0
OTU122,0,0,0,0,0,0,0,0,0,0,0,0,0,0,0,0,0,0,0,0,0,0,0,0,0,0,0,0,0,0,0,0,0,0,0,0,0,0,0,0,0,0,0,0,0,0,0,0,0,0,0,0,0,0,5,0,0,0,0,0,0,0,0,0,0,0,0,0,0,0,0,0,0,0,0,0,0,0,0,0,0,0,0,0,0,0,0,0,0,0,0,0,0,0,0,0,0,0,0,0,0,0,0,0,0,0,0,0,0,0,0,0,0,0,0,0,0,0,0,0,0,0,0,0,0,0,0,0,0,0,0,0,0,0
OTU123,236,13,0,7,0,561,0,0,8,221,0,190,218,0,522,9,11,51,7,7,79,25,0,0,0,0,109,0,163,0,0,1,0,15,97,104,39,24,0,4,39,1,0,0,464,6,48,310,1,1,103,0,4,0,117,9,0,11,324,262,0,118,16,2,1,393,47,4,18,49,629,134,24,41,122,51,226,5,0,75,27,0,0,1,3,450,6,9,0,147,0,610,64,129,20,0,0,1,279,146,0,13,0,27,0,0,0,36,1,6,124,4,0,30,0,0,0,0,0,30,0,124,0,1,323,0,0,0,0,1710,86,0,0,398
OTU124,41,57,0,1362,0,175,1906,558,21,20,0,30,62,0,261,20,330,18,154,51,5,2,0,0,27,1,29,719,6,0,0,1,0,3,12,478,59,4,385,629,132,0,0,1,353,52,2547,556,18,0,376,0,2724,0,172,18,0,20,752,48,152,115,54,3,0,62,905,0,6,125,79,97,68,3,725,128,42,122,0,248,321,0,0,2391,1730,153,1491,29,0,37,1,162,183,424,166,0,0,311,162,15,1,63,0,22,2314,0,2,89,0,1,668,3,0,3,0,0,0,0,0,0,45,1442,0,1244,868,1912,55,0,0,248,529,0,0,137
OTU125,308,82,0,1272,0,0,0,0,667,0,128,0,0,0,72,29,0,10,1030,0,0,292,0,21,0,0,1688,0,0,114,0,0,29,223,0,28,0,0,5369,0,0,2221,0,0,295,96,104,42,119,0,0,2732,0,0,81,0,0,0,6394,1613,0,682,0,3723,0,0,739,0,0,482,0,0,0,0,0,0,865,0,0,0,685,467,0,0,0,0,0,0,500,0,0,0,52,0,55,0,0,0,0,0,1421,0,0,0,0,0,0,0,0,0,114,0,0,0,0,0,0,0,0,0,0,0,0,0,1,0,0,0,0,0,0,0,0,0
OTU126,2936,406,0,2545,5634,8680,6950,7333,828,9147,11426,7290,11317,0,11270,551,3902,4655,869,631,614,67,10087,76,2264,15496,2360,13644,2762,87,0,1243,0,43,2726,6194,742,642,7598,8706,1249,490,9,2499,13737,1930,12394,3953,137,357,6980,0,15063,0,2284,1124,570,177,8741,6409,1655,2791,3221,1086,725,3790,12724,14219,415,1161,6764,571,498,4608,10610,1120,1468,1358,0,2479,921,0,0,23630,20302,4337,11948,89,0,3024,12,17467,1935,2821,14160,0,2,3247,21676,3235,4644,368,0,3125,6395,0,239,782,64,6,7412,80,14000,709,0,5929,2701,0,20245,19417,53,7448,12224,20661,15893,35532,25297,27746,0,23293,15134,10749,14090,15127
OTU127,8194,1634,0,2324,1838,0,0,0,2576,0,0,1,0,0,90,57,205,0,5557,378,2012,346,0,5,0,0,5354,1676,0,173,273,0,21,254,2264,139,332,0,9004,0,828,5423,0,5692,108,493,353,302,661,0,0,1869,1,14385,1169,0,0,22,0,4752,341,4960,176,15116,162,0,380,25,0,2000,0,0,88,0,50,147,7345,0,134,0,31164,30585,0,0,0,0,0,0,481,0,0,3,275,0,0,0,0,0,0,0,959,0,11320,0,0,0,0,0,0,0,953,0,0,0,0,0,1,0,1,0,0,0,0,0,0,0,0,0,0,0,163,0,0,0
OTU128,0,0,0,0,0,0,0,0,0,0,0,0,0,0,17,0,0,0,0,0,0,0,0,0,0,0,0,0,0,0,0,0,0,0,0,0,0,0,0,0,0,0,0,0,0,0,0,0,0,0,0,0,0,0,0,0,0,0,0,0,0,0,0,0,0,0,0,0,0,0,0,0,0,0,0,0,0,0,0,0,0,0,0,0,0,0,0,0,0,0,0,0,0,0,0,0,0,0,0,0,0,0,0,0,0,0,0,0,0,0,0,0,0,0,0,0,0,0,0,0,0,0,0,0,0,0,0,0,0,0,0,0,0,0
OTU129,0,0,0,0,0,0,0,0,0,0,0,0,0,0,0,0,0,0,0,0,0,0,0,0,0,0,0,0,0,0,0,0,0,0,0,0,0,0,0,0,0,0,0,0,0,0,0,0,0,0,0,0,0,0,0,0,0,0,0,0,0,0,0,0,0,0,0,0,0,0,0,0,0,0,0,0,0,0,0,0,0,0,0,0,0,0,0,0,0,0,0,0,0,0,0,0,0,0,0,0,0,0,0,4,0,0,0,0,0,0,0,0,0,0,0,0,0,0,0,0,0,0,0,0,0,0,0,0,0,0,0,0,0,0
OTU13,0,0,0,0,0,0,0,0,0,0,1,0,0,0,0,0,0,0,0,0,0,0,0,0,0,0,0,0,0,0,0,0,0,0,0,0,0,0,0,0,0,0,0,0,0,0,0,0,0,0,0,0,0,0,0,0,0,0,0,0,0,0,0,0,0,0,0,0,0,0,0,0,0,0,0,0,0,0,0,0,0,0,0,0,0,0,0,0,0,0,0,0,0,0,0,0,0,0,0,0,0,0,0,0,0,0,0,0,0,0,0,0,0,0,0,0,0,0,0,0,0,0,0,0,0,0,0,0,0,0,0,0,0,0
OTU130,0,0,0,0,0,0,0,0,0,0,0,0,0,0,0,0,0,1,0,0,0,0,0,0,0,0,0,0,0,0,0,0,0,0,0,0,0,0,0,0,0,0,0,0,0,0,0,0,0,1,0,0,0,0,0,0,0,0,0,0,0,0,0,0,0,0,0,0,0,0,0,0,0,0,0,0,0,0,0,0,0,0,0,0,0,0,0,0,0,0,0,0,0,0,0,0,0,0,0,0,0,0,0,5,0,0,0,0,0,0,0,0,0,0,0,0,0,0,0,0,0,0,1,0,0,0,0,0,0,0,0,0,0,0
OTU131,0,0,0,0,0,0,0,0,0,0,0,0,0,0,0,0,0,0,0,0,0,0,0,0,0,0,0,0,0,0,0,0,0,0,0,0,0,0,0,0,0,0,0,0,0,0,0,0,0,0,0,0,0,0,0,0,0,0,0,0,0,0,0,0,0,0,0,0,0,0,0,0,0,0,0,0,0,0,0,0,0,0,0,0,0,0,0,0,0,0,0,0,0,0,0,0,0,0,0,0,0,0,0,0,0,6,0,0,0,0,0,0,0,0,0,0,0,0,0,0,0,0,0,0,0,0,0,0,0,0,0,0,0,0
OTU14,0,0,0,0,732,0,0,0,2,0,0,0,0,0,0,0,0,0,0,175,0,0,0,0,0,0,0,0,218,0,0,0,0,0,1,0,0,0,0,0,0,0,0,4435,0,552,15,0,10,0,0,24,449,156,0,0,0,1626,0,0,0,49,3,3,0,0,0,0,0,0,0,0,478,0,0,0,106,0,0,0,3,6,0,0,0,0,0,0,0,0,0,0,0,0,0,0,0,0,0,0,0,0,0,0,0,0,0,0,0,0,0,0,0,0,0,0,0,0,0,0,0,0,0,0,0,0,0,0,0,0,0,0,0,0
OTU15,6451,1189,0,8677,0,98,12428,13943,1175,0,0,1320,0,126,154,301,7036,2095,2419,2010,893,299,0,22,1289,0,0,543,9849,18697,0,0,4712,1076,23659,16740,246,0,0,2409,27730,5443,25112,9872,7441,26667,1730,2483,197,0,4120,20158,4765,2815,103,1467,7416,1308,9423,1148,2929,16739,1838,3080,2779,1781,1437,0,0,22313,0,3,243,5292,2144,2176,5563,14233,12712,700,0,0,30756,2455,1,5809,3710,3624,585,4112,22,22631,42,106,3430,491,1,24367,1068,15825,1857,221,0,0,0,0,0,0,0,0,0,0,0,0,0,0,0,0,0,0,0,0,0,0,0,0,0,0,0,0,0,0,0,0
OTU16,4408,9798,2718,9405,0,2398,0,2047,22369,1944,0,3432,1,1362,900,510,1153,318,4350,3626,3308,546,3594,854,1046,3179,6236,1034,1559,348,548,4390,1365,3101,4358,1359,712,6,5550,3337,916,1205,1499,6255,1001,2767,1944,4369,5372,59,161,7390,6667,7614,5,4304,1443,755,3756,8544,3151,2089,854,868,4225,10034,2497,1948,6266,4217,2487,4116,3790,1446,3020,1065,3919,8432,19335,0,90,0,0,1,0,0,0,0,0,0,0,0,1,0,33,41,2603,770,0,328,0,0,4325,75,0,0,0,0,0,0,0,0,0,0,0,0,0,0,0,0,0,0,0,0,0,0,0,0,0,0,0,0,0,0
OTU17,178,0,0,944,675,86,0,0,114,0,0,0,0,432,157,1217,190,81,833,0,0,298,0,115,0,0,44,0,0,0,0,60,199,377,0,98,249,720,0,0,240,678,32,1580,0,392,0,112,201,383,408,126,0,0,178,362,493,0,0,107,626,150,0,232,315,0,0,0,5,0,0,157,0,277,0,74,0,182,54,1,362,0,0,0,0,0,0,411,0,106,493,0,70,1626,76,127,0,0,228,0,0,156,0,343,0,1798,18,272,101,7,332,211,421,200,9713,0,0,0,0,0,0,0,0,0,0,0,0,0,0,0,0,0,0,0
OTU18,731,144,0,0,0,1,0,0,12,0,0,0,0,635,4246,315,0,1587,114,312,1271,152,0,1062,0,0,0,0,0,0,1625,47,159,623,0,77,35,537,0,0,0,0,236,0,0,0,82,0,81,159,225,43,0,0,158,2461,0,5,0,39,0,0,57,124,0,200,105,0,0,0,0,270,60,251,919,0,622,238,0,0,31,0,205,0,0,0,0,49,866,0,7,0,188,58,272,194,0,0,0,0,0,73,0,747,0,0,49,1231,88,0,0,14,0,324,0,2591,1,1276,0,0,0,0,0,0,0,0,0,0,0,0,0,0,0,0
OTU19,0,1990,0,78,0,649,0,0,306,0,0,0,0,345,215,47,365,210,237,566,919,28,0,205,564,1424,435,0,166,151,96,332,168,59,2298,300,41,0,262,631,647,262,205,2428,235,852,204,132,950,28,383,1687,0,519,0,228,0,15,0,345,465,811,401,15,1782,3478,81,401,321,37,1741,857,489,109,606,196,594,984,768,0,0,0,0,0,0,0,0,0,2403,0,0,0,0,0,34,0,0,0,0,0,0,0,0,0,0,0,0,0,1,0,0,0,0,0,0,0,0,0,0,0,0,0,0,0,0,0,0,0,0,0,0,0,0,0
OTU2,0,0,23,0,0,0,0,0,0,0,0,0,0,0,0,0,0,0,0,0,0,0,0,0,0,0,0,0,0,0,0,0,0,0,0,0,0,0,0,0,0,0,0,0,0,0,0,0,0,0,0,0,0,0,0,0,0,0,0,0,0,0,0,0,0,0,0,0,0,0,0,0,0,0,0,0,0,0,0,0,0,0,0,0,0,0,0,0,0,0,0,0,0,0,0,0,0,0,0,0,0,0,0,0,0,0,0,0,0,0,0,0,0,0,0,0,0,0,0,0,0,0,0,0,0,0,0,0,0,0,0,0,0,0
OTU20,0,0,0,0,0,0,0,0,0,0,0,0,0,0,0,0,0,0,0,0,0,0,0,0,0,0,0,0,0,0,0,0,0,0,0,0,0,0,0,0,0,0,0,0,0,0,0,0,0,0,0,0,0,0,0,0,0,0,0,0,0,0,0,0,0,0,0,0,0,0,0,0,0,0,0,0,0,0,0,0,0,0,0,0,0,0,0,0,0,0,0,0,0,0,0,0,0,0,0,0,0,0,0,0,0,0,0,0,0,0,0,0,0,0,0,0,0,0,162,0,0,0,0,0,0,0,0,0,0,0,0,0,0,0
OTU21,0,0,0,0,0,0,0,0,0,0,0,0,0,0,0,0,0,0,0,0,0,0,0,0,0,0,0,0,0,0,0,0,0,0,0,0,0,0,0,0,0,0,0,0,0,0,0,0,0,0,0,0,0,0,0,0,0,0,0,0,0,0,0,0,0,0,0,0,0,0,0,0,0,0,0,0,0,0,0,0,0,0,0,0,0,0,0,0,0,0,0,0,0,0,0,0,0,0,0,0,0,0,0,0,0,0,0,0,0,0,0,0,0,0,0,0,0,0,1,0,0,0,0,0,0,0,0,0,0,0,0,0,0,0
OTU22,0,0,0,0,0,0,0,0,0,0,0,0,0,0,0,0,0,0,0,0,0,0,0,0,0,0,0,0,0,0,0,0,0,0,0,0,0,0,0,0,0,0,0,0,0,0,0,0,0,0,0,0,0,0,0,0,0,0,0,0,0,0,0,0,0,0,0,0,0,0,0,0,0,0,0,0,0,0,0,0,0,0,0,0,0,0,0,0,0,0,0,0,0,0,0,0,0,0,0,0,0,0,0,0,0,0,0,0,0,0,0,0,0,0,0,0,0,0,282,0,0,0,0,0,0,0,0,0,0,0,0,0,0,0
OTU23,0,0,0,0,0,0,0,0,0,0,0,0,0,0,0,0,0,0,0,0,0,0,0,0,0,0,0,0,0,0,0,0,0,0,0,0,0,0,0,0,0,0,0,0,0,0,0,0,0,0,0,0,0,0,0,0,0,0,0,0,0,0,0,0,0,0,0,0,0,0,0,0,0,0,0,0,0,0,0,0,0,0,0,0,0,0,0,0,0,0,0,0,0,0,0,0,0,0,0,0,0,0,0,0,0,0,0,0,0,0,0,0,0,0,0,0,0,0,3,0,0,0,0,0,0,0,0,0,0,0,0,0,0,0
OTU24,0,0,0,0,8,0,0,0,0,0,0,0,0,0,0,0,0,0,0,0,0,0,0,0,0,0,0,0,0,0,0,0,0,1,0,0,0,0,0,0,0,0,0,0,0,0,0,0,0,0,0,0,0,0,0,0,0,0,0,0,0,0,0,0,0,0,0,0,0,0,0,0,0,0,0,0,0,0,0,0,0,0,0,0,0,0,0,5,0,0,0,0,0,0,0,0,0,0,0,0,0,0,0,0,0,0,0,0,0,0,0,0,0,0,0,0,0,0,0,0,0,0,0,0,0,0,0,0,0,0,0,0,0,0
OTU25,2,0,0,0,340,12,0,0,0,0,0,0,0,1,2,115,0,0,0,0,0,12,0,4,0,0,0,0,0,0,0,0,2,1,0,1,28,4,0,0,0,50,0,0,0,42,0,2,0,3,1,0,0,0,0,11,1,0,0,0,0,6,0,3,15,0,0,0,0,0,0,5,0,0,0,0,0,11,0,0,6,0,0,0,0,0,0,3,0,0,9,0,0,6,0,3,0,0,3,0,0,0,0,1,0,19,1,4,0,0,12,3,0,0,269,0,0,0,0,0,0,0,0,0,0,0,0,0,0,0,0,0,0,0
OTU26,0,0,0,0,0,0,0,1,0,0,0,0,0,0,0,0,0,0,0,0,0,0,0,0,0,0,0,0,0,0,0,0,0,0,0,0,0,1,0,1,0,0,0,0,0,0,0,0,0,0,0,0,0,0,3,0,0,0,0,0,0,0,0,0,0,1,0,0,5,0,0,0,0,0,1,0,2,0,0,0,0,0,0,0,0,0,0,0,0,2,4,0,2,0,0,0,0,0,0,0,0,0,0,1,0,1,2,0,1,0,4,9,0,0,0,0,0,0,0,0,0,0,0,0,0,0,0,0,0,0,0,0,0,0
OTU27,263,28,0,2,491,51,0,0,53,4,11,0,0,2032,25,935,68,757,2082,354,0,1111,0,204,48,65,1586,2,48,1,26,1316,320,77,0,16,111,767,1,0,0,6,5,6,0,11,8,69,117,470,134,117,204,1,949,81,12,25,0,176,35,72,88,28,305,0,15,2,347,132,0,156,715,56,256,1143,207,20,254,370,9,4,111,0,8,1,4,2395,2149,250,3155,0,101,275,179,2121,0,0,134,0,1046,370,0,1573,0,17,722,825,689,297,37,116,3,3974,1088,2070,186,39,0,3,40,1289,0,0,0,0,0,0,0,0,0,0,0,0
OTU28,6416,330,0,6697,13548,22002,12547,0,2516,4880,4416,10710,20491,0,1883,1432,5452,2507,1189,751,2341,199,20376,4,666,8096,205,12256,4578,149,0,841,0,125,3394,7206,199,963,8472,10639,377,1241,40,3631,12153,2767,19534,7196,306,577,6060,0,5179,124,3700,2217,883,89,6714,7491,427,2325,1517,1373,327,7103,16958,23556,1094,712,29046,1367,521,25280,7430,1613,2241,3584,76,218,437,0,0,8206,10641,15909,11916,45,0,5342,11,2,1482,5235,12181,0,1,3249,2346,5473,499,195,9692,2887,32324,0,158,480,376,14,10541,335,15697,943,1,4004,4520,0,6228,18641,9769,21175,9926,17485,21127,3345,12464,7092,15809,6725,24777,30092,26343,13190
OTU29,0,0,0,0,0,0,0,0,0,5,0,0,0,0,0,0,0,0,0,0,0,0,0,0,0,0,0,0,0,1,0,0,0,0,0,0,0,0,0,0,0,0,0,0,0,0,0,0,0,0,0,0,0,0,0,0,0,0,0,0,0,0,0,0,0,0,0,0,0,0,0,0,0,0,0,0,0,0,0,0,0,0,0,0,0,0,0,0,0,0,0,0,0,0,0,0,0,0,0,0,0,0,0,0,0,0,0,0,0,0,0,0,0,0,0,69,0,0,0,0,0,0,0,0,0,0,0,0,0,0,0,0,0,0
OTU3,0,0,27,0,68,1,183,2,13,596,111,0,0,0,0,0,0,0,0,0,0,0,0,0,0,0,0,0,0,0,0,0,0,0,0,0,0,0,0,0,0,0,0,0,0,0,0,0,0,0,0,0,0,0,0,0,0,0,0,0,0,0,0,0,0,0,0,0,0,0,0,0,0,0,0,0,0,0,0,0,0,0,0,0,0,0,0,0,0,0,0,0,0,0,0,0,0,0,0,0,0,0,0,0,0,0,0,0,0,0,0,0,0,0,0,0,0,0,0,0,0,0,0,0,0,0,0,0,0,0,0,0,0,0
OTU30,0,0,0,0,0,5,232,4755,11,1307,0,15,0,0,0,0,1,0,0,0,0,0,0,0,0,864,0,0,0,3,0,0,0,3,0,0,0,0,0,64,0,0,0,0,1,0,0,0,0,0,0,0,0,0,0,0,0,0,0,0,0,0,0,0,0,0,0,0,0,0,0,0,0,0,0,0,0,0,0,1,0,0,0,0,0,516,0,14,0,0,0,0,0,0,0,0,0,1,0,0,26,0,105,0,0,0,0,0,0,0,0,0,0,0,0,51,0,26,0,0,0,0,5,0,0,0,0,26,5595,0,7,0,0,3
OTU31,0,1,0,0,0,0,0,0,0,0,0,0,0,0,0,0,0,0,0,0,0,0,0,0,0,0,0,0,0,0,0,0,0,0,0,0,0,0,0,5,0,0,0,0,0,0,0,0,0,0,0,0,0,1,0,0,0,0,0,0,0,0,0,0,0,0,0,0,0,0,35,0,0,0,0,0,0,0,0,0,0,0,0,0,0,0,0,0,0,0,0,0,0,0,0,0,0,0,0,0,1,0,12,0,0,0,0,0,0,0,0,0,0,0,0,321,0,0,0,0,0,0,0,0,0,0,0,1,179,0,353,0,0,1
OTU32,0,0,0,261,0,0,256,0,0,0,0,0,0,0,0,0,0,0,0,0,0,0,0,0,0,0,0,0,0,0,0,0,0,0,0,0,0,0,0,0,0,0,0,0,0,0,0,0,0,0,0,0,0,0,0,0,0,0,0,0,0,0,0,0,0,0,0,0,0,0,0,0,0,0,0,0,0,0,0,0,0,0,0,0,0,1105,0,13,0,0,0,338,0,0,0,0,0,0,0,1,0,0,0,0,0,0,0,1,0,0,0,0,0,0,0,3328,0,0,85,0,0,0,0,0,0,0,0,0,4413,0,0,0,0,0
OTU33,0,0,0,0,0,0,0,0,0,0,0,0,0,0,0,0,0,0,0,0,0,0,0,0,0,0,0,0,0,0,0,0,0,3,0,0,0,2,0,0,0,0,0,0,0,0,0,0,0,0,0,0,0,0,0,0,0,0,0,0,0,0,0,0,0,13,0,0,0,0,0,0,38,0,0,0,0,0,0,0,0,0,0,0,0,0,0,0,0,0,0,0,0,0,0,0,0,0,0,0,0,0,0,0,0,0,0,0,0,0,0,0,0,0,0,53,0,0,95,0,0,0,0,0,0,0,0,0,212,0,0,147,0,0
OTU34,3864,3745,3796,2699,4199,2124,1945,7405,5178,10303,7778,4098,2864,11766,9292,20446,5860,12736,6473,16666,16982,16504,0,15332,10443,4259,6039,3006,594,1477,5698,20871,12065,12752,458,4451,18758,9692,1532,6262,6822,3257,7769,850,1637,2053,770,8359,17261,18910,8082,3392,1184,6249,13962,9736,14114,3877,1132,2661,16586,4064,13802,7652,9677,8696,2967,97,16295,5843,0,14820,12050,659,9569,6575,5712,7926,1212,15775,2681,5068,2257,4519,2901,2,5072,12823,17176,12232,21941,1,17706,11195,5319,19409,0,5210,4386,5396,13966,17472,0,17010,0,23338,21627,14500,15970,22382,9745,20289,3044,11807,14131,5541,13216,22327,0,724,8068,5620,9607,1168,1,0,0,0,6786,0,0,0,0,0
OTU35,5378,3745,10002,3854,13273,1367,0,5140,3658,7896,13989,13151,6173,22547,8190,10426,4431,14050,13791,7632,6468,17912,623,16816,21706,6623,15816,5605,812,1064,29926,10558,13590,18324,958,2707,17520,24012,1970,7996,847,2903,4108,3751,1164,1332,998,8123,12524,18307,11150,2804,1079,6917,12155,15457,14261,2813,1473,4586,13095,4106,15016,5061,18757,1640,1437,630,14158,2293,0,13445,9614,2284,3867,20841,10748,2543,6145,15959,3044,4093,7031,0,5595,12761,3926,18812,12591,11957,10598,0,15721,15390,2746,14409,0,362,7154,5769,12735,17654,12388,10261,148,11915,16174,20998,19428,13276,9180,16662,4845,20521,13323,15769,18136,12734,14044,1404,11247,4070,5194,367,0,418,0,2904,0,0,0,0,739,0
OTU36,0,0,0,0,0,0,0,0,0,0,0,0,0,0,0,0,0,0,0,0,0,0,0,0,0,0,0,0,0,0,0,0,0,0,0,0,0,0,0,0,0,0,0,0,0,0,0,0,0,0,0,0,0,0,0,0,0,0,0,0,0,0,0,0,0,0,0,0,0,0,0,0,0,0,0,0,0,0,0,0,0,0,0,0,0,0,0,0,0,0,0,0,0,0,0,0,0,0,0,0,0,0,0,0,0,0,0,0,0,0,0,0,0,0,0,0,0,0,0,0,0,0,0,0,0,0,0,0,0,2,0,0,0,0
OTU37,0,0,0,0,0,0,0,0,0,0,0,0,0,0,0,0,0,0,0,0,0,0,0,0,0,0,0,0,0,0,0,0,0,0,0,0,0,0,0,0,0,0,0,0,0,0,0,0,0,0,0,0,0,0,0,0,0,0,0,0,0,0,0,0,0,0,0,0,0,0,0,0,0,0,0,0,0,0,0,0,0,0,0,0,0,0,0,0,0,0,0,0,0,0,0,0,0,0,0,0,0,0,0,0,0,0,0,0,0,0,0,0,0,0,0,0,0,0,0,0,0,0,0,0,0,3,0,0,0,0,0,0,0,0
OTU38,0,0,0,0,0,0,0,0,0,0,0,0,0,0,0,0,0,0,0,0,0,0,0,0,0,0,0,0,0,0,0,0,0,0,0,0,0,0,0,0,0,0,0,0,0,0,0,0,0,0,0,0,0,0,0,0,0,0,0,0,0,0,0,0,0,0,0,0,0,0,0,0,0,0,0,0,0,0,0,0,0,0,0,0,0,0,0,0,0,0,0,0,0,0,0,0,0,0,0,0,0,0,0,0,0,0,0,0,0,0,0,0,0,0,0,0,0,0,0,0,0,0,0,0,0,1,0,0,0,0,0,0,0,0
OTU39,0,0,0,0,0,0,0,0,0,0,0,0,0,0,0,0,0,0,0,0,0,0,0,0,0,0,0,0,0,0,0,0,0,0,0,0,0,0,0,0,0,0,0,0,0,0,0,0,0,0,0,0,0,0,0,0,0,0,0,0,0,0,0,0,0,0,0,0,0,0,0,0,0,0,0,0,0,0,0,0,0,0,0,0,0,0,0,0,0,0,0,0,0,0,0,0,0,0,0,0,0,0,0,0,0,0,0,0,0,0,0,0,0,0,0,0,0,0,0,0,0,0,0,0,0,0,0,0,0,0,0,0,0,470
OTU4,0,0,0,0,0,0,0,0,0,0,0,11,0,0,0,0,0,0,0,0,0,0,0,0,0,0,0,0,0,0,0,0,0,0,0,0,0,0,0,0,0,0,0,0,0,0,0,0,0,0,0,0,0,0,0,0,0,0,0,0,0,0,0,0,0,0,0,0,0,0,0,0,0,0,0,0,0,0,0,0,0,0,0,0,0,0,0,0,0,0,0,0,0,0,0,0,0,0,0,0,0,0,0,0,0,0,0,0,0,0,0,0,0,0,0,0,0,0,0,0,0,0,0,0,0,0,0,0,0,0,0,0,0,0
OTU40,0,0,0,0,0,0,0,0,0,0,0,0,0,0,0,0,0,0,0,0,0,0,0,0,0,0,0,0,0,0,0,0,0,0,0,0,0,0,0,0,0,0,0,0,0,0,0,0,0,0,0,0,0,0,0,0,0,0,0,0,0,0,0,0,0,0,0,0,0,0,0,0,0,0,0,0,0,0,0,0,0,0,0,0,0,0,0,0,0,0,0,0,0,0,0,0,0,0,0,0,0,0,0,0,0,0,0,0,0,0,0,0,0,0,0,0,0,0,0,0,0,0,0,0,0,0,0,1080,0,0,0,0,0,0
OTU41,0,0,0,0,0,0,0,0,0,0,0,0,0,0,0,0,0,0,0,0,0,0,0,0,0,0,0,0,0,0,0,0,0,0,0,0,0,0,0,0,0,0,0,0,0,0,0,0,0,0,0,0,0,0,0,0,0,0,0,0,0,0,0,0,0,0,0,0,0,0,0,0,0,0,0,0,0,0,0,0,0,0,0,0,0,0,0,0,0,0,0,0,0,0,0,0,0,0,0,0,0,0,0,0,0,0,0,0,0,0,0,0,0,0,0,0,0,0,0,0,0,0,0,0,0,0,0,55,0,0,0,0,0,0
OTU42,0,0,0,0,0,0,0,0,0,0,0,0,0,0,0,0,0,0,0,0,0,0,0,0,0,0,0,0,0,0,0,0,0,0,0,0,0,0,0,0,0,0,0,0,0,0,0,0,0,0,0,0,0,0,0,0,0,0,0,0,0,0,0,0,0,0,0,0,0,0,0,0,0,0,0,0,0,0,0,0,0,0,0,0,0,0,0,0,0,0,0,0,0,0,0,0,0,0,0,0,0,0,0,0,0,0,0,0,0,0,0,0,0,0,0,0,0,0,0,0,0,0,0,0,0,0,0,347,0,0,0,0,0,0
OTU43,0,0,0,0,0,0,0,0,0,0,0,0,0,0,0,0,0,0,0,0,0,0,0,0,0,0,0,0,0,0,0,0,0,0,0,0,0,0,0,0,0,0,0,0,0,0,0,0,0,0,0,0,0,0,0,0,0,0,0,0,0,0,0,0,0,0,0,0,0,0,0,0,0,0,0,0,0,0,0,0,0,0,0,0,0,0,0,0,0,0,0,0,0,0,0,0,0,0,0,0,0,0,0,0,0,0,0,0,0,0,0,0,0,0,0,0,0,0,0,0,0,0,0,0,0,0,0,3,0,0,0,0,0,0
OTU44,0,0,0,0,0,0,0,0,0,0,0,0,0,0,0,0,0,0,0,0,0,0,0,0,0,0,0,0,0,0,0,0,0,0,0,0,0,0,0,0,0,0,0,0,0,0,0,0,0,0,0,0,0,0,0,0,0,0,0,0,0,0,0,0,0,0,0,0,0,0,0,0,0,0,0,0,0,0,0,0,0,0,0,0,0,0,0,0,0,0,0,0,0,0,0,0,0,0,0,0,0,0,0,0,0,0,0,0,0,0,0,0,0,0,0,0,0,0,0,0,0,0,0,0,0,0,0,1693,0,0,0,0,0,0
OTU45,0,0,0,0,0,0,0,0,0,0,0,0,0,0,0,0,0,0,0,0,0,0,0,0,0,0,0,0,0,0,0,0,0,0,0,0,0,0,0,0,0,0,0,0,0,0,0,0,0,0,0,0,5,0,0,0,0,0,0,0,0,0,0,0,0,0,0,0,0,0,0,0,0,0,0,0,0,0,0,0,0,0,0,0,0,0,0,0,0,0,0,0,0,0,0,0,0,0,0,0,0,0,0,0,0,0,0,0,0,0,0,0,0,0,0,0,0,0,0,0,0,0,0,0,0,0,0,2,0,0,0,0,0,0
OTU46,0,42,0,0,0,0,0,0,0,0,0,0,0,0,0,0,0,0,0,0,0,0,0,0,475,0,0,0,18820,18585,807,0,2699,0,0,0,0,0,2,0,0,16954,0,0,0,37,0,0,0,0,0,0,0,1282,0,0,0,28290,783,115,0,0,168,0,0,0,22,0,0,0,0,0,10280,0,0,0,0,0,0,0,0,0,0,0,0,0,0,0,0,0,0,0,0,0,0,0,0,0,0,0,0,0,0,0,0,0,0,0,0,0,0,0,0,0,0,0,0,0,0,0,0,0,0,0,0,0,0,0,0,0,0,0,0,0
OTU47,0,0,0,0,0,0,0,0,0,0,0,0,0,0,0,0,0,0,0,0,0,0,0,0,0,0,0,0,0,0,0,0,0,0,0,0,0,0,0,0,0,0,0,0,0,0,0,0,0,0,0,0,0,0,0,0,0,0,0,0,0,0,0,0,0,0,0,0,0,27,0,0,0,0,0,0,0,0,0,0,0,0,0,0,0,0,0,0,0,0,0,0,0,0,0,0,0,0,0,0,0,0,0,0,0,0,0,0,0,0,0,0,0,0,0,0,0,0,0,0,0,0,0,0,0,0,0,0,0,0,0,0,0,0
OTU48,0,0,0,0,0,0,17,0,0,0,0,0,0,0,0,0,0,0,0,0,0,0,0,0,0,0,0,0,0,0,0,0,0,0,0,0,0,0,0,0,0,0,0,0,0,0,0,0,0,0,0,0,0,0,0,0,0,0,0,0,0,0,0,0,0,0,0,0,0,0,0,0,0,0,0,0,0,0,0,0,0,0,0,0,0,0,0,0,0,0,0,0,0,0,0,0,0,0,0,0,0,0,0,0,0,0,0,0,0,0,0,0,0,0,0,0,0,0,0,0,0,0,0,0,0,0,0,0,0,0,0,0,0,0
OTU49,0,0,0,0,0,0,0,0,0,0,0,0,0,0,0,0,0,0,0,0,0,0,0,0,0,0,0,0,0,0,0,0,0,0,0,0,0,0,0,0,0,0,0,0,0,0,0,0,0,0,0,0,0,0,0,0,0,0,0,0,0,0,0,0,0,0,0,0,0,0,0,0,0,0,0,0,0,0,0,0,0,0,0,0,0,0,0,0,0,0,0,0,0,0,0,0,0,0,0,0,0,0,1,0,0,0,0,0,0,0,0,0,0,0,0,0,0,0,0,0,0,0,0,0,0,0,0,0,0,0,0,0,0,0
OTU5,0,0,0,0,0,0,0,0,0,0,0,505,0,0,0,0,0,0,0,0,0,0,0,0,0,0,0,0,0,0,0,0,0,0,0,0,0,0,0,0,0,0,0,0,0,0,0,0,0,0,0,0,0,0,0,0,0,0,0,0,0,0,0,0,0,0,0,0,0,0,0,0,0,0,0,0,0,0,0,0,0,0,0,0,0,0,0,0,0,0,0,0,0,0,0,0,0,0,0,0,0,0,0,0,0,0,0,0,0,0,0,0,0,0,0,0,0,0,0,0,0,0,0,0,0,0,0,0,0,0,0,0,0,0
OTU50,0,0,0,0,0,0,0,0,0,0,0,0,0,0,0,0,0,0,0,0,0,0,0,0,0,0,0,0,0,0,0,0,0,0,0,0,0,0,0,0,0,0,0,0,0,0,0,0,0,0,0,0,0,0,0,0,0,0,0,0,0,0,0,0,0,0,0,0,0,0,0,0,0,0,0,0,0,0,0,0,0,0,0,0,0,0,0,0,0,0,0,0,0,0,0,0,0,0,0,0,0,0,92,0,0,0,0,0,0,0,0,0,0,0,0,0,0,0,0,0,0,0,0,0,0,0,0,0,0,0,0,0,0,0
OTU51,0,1,0,0,0,0,0,0,0,3351,0,0,0,0,0,0,10688,0,0,1685,0,0,0,0,0,0,0,0,0,0,0,0,0,0,0,0,0,0,0,0,0,0,0,0,0,0,0,0,0,0,30,0,1142,0,0,0,0,99,0,0,0,0,0,0,0,0,0,0,0,0,233,0,134,0,0,0,0,0,0,0,0,0,0,0,0,0,0,0,0,0,0,0,0,0,0,0,0,0,0,0,0,0,0,0,0,0,0,0,0,0,0,0,0,0,0,0,0,0,0,0,0,0,0,0,0,0,0,0,0,0,0,0,0,0
OTU52,0,0,0,6,0,0,1638,0,23,0,0,61,0,0,0,3,71,0,0,0,0,0,193,0,0,0,0,0,0,0,0,0,0,0,0,0,0,0,0,0,0,0,0,0,0,0,0,0,0,0,0,0,0,0,0,0,0,0,0,0,0,0,0,0,0,0,0,0,0,0,0,0,0,0,0,0,0,0,0,0,0,0,0,0,0,0,0,0,0,0,0,0,0,0,0,0,0,0,0,0,0,0,1934,2,0,0,1,0,0,0,0,0,0,0,1,0,0,0,0,0,0,0,0,0,0,0,0,196,0,0,123,0,0,1357
OTU53,0,0,0,0,0,0,0,0,0,0,0,0,0,0,0,0,0,0,0,0,0,0,5,0,0,0,0,0,0,0,0,0,0,0,0,0,0,0,0,0,0,0,0,0,0,0,0,0,0,0,0,0,0,0,0,0,0,0,0,0,0,0,0,0,0,0,0,0,0,0,0,0,0,0,0,0,0,0,0,0,0,0,0,0,0,0,0,0,0,0,0,0,0,0,0,0,0,0,0,0,0,0,0,0,0,0,0,0,0,0,0,0,0,0,0,0,0,0,0,0,0,0,0,0,0,0,0,0,0,0,0,0,0,0
OTU54,0,0,0,0,0,3,12,0,1,0,0,0,0,0,0,0,0,9,2,0,0,0,5,0,1,7,0,0,0,0,0,0,0,0,1,0,1,4,5,1,4,0,0,0,9,1,0,0,0,0,1,0,3,0,0,2,0,0,2,5,1,1,0,0,0,0,0,0,1,1,13,0,4,0,0,0,0,1,0,0,0,0,0,0,0,0,1,0,0,2,0,0,1,1,4,0,0,0,0,2,0,0,0,0,0,0,0,0,0,0,2,0,6,1,0,0,1,0,9,1,0,1,2,0,9,0,0,0,0,0,0,0,0,0
OTU55,0,0,0,80,8,0,0,0,0,0,0,0,0,0,0,0,0,0,0,0,0,0,0,0,0,0,0,0,0,0,0,0,1,0,0,0,0,0,0,0,0,0,0,0,0,0,0,0,0,0,0,0,0,0,0,0,0,0,0,0,0,0,0,0,0,0,0,0,0,0,0,0,0,0,0,0,0,0,0,0,0,0,0,0,0,0,0,0,0,0,0,0,0,0,0,0,0,0,0,0,0,0,0,0,0,0,0,0,0,0,0,0,0,0,0,0,0,0,0,0,0,0,0,0,0,0,0,0,0,0,0,0,0,0
OTU56,0,0,0,51,0,0,0,0,0,0,0,0,0,0,0,0,0,0,0,0,0,0,0,0,0,0,0,0,0,0,0,0,0,0,0,0,0,0,0,0,0,0,0,0,0,0,0,0,0,0,0,0,0,0,0,0,0,0,0,0,0,0,0,0,0,0,0,0,0,0,0,0,0,0,0,0,0,0,0,0,0,0,0,0,0,0,0,0,0,0,0,0,0,0,0,0,0,0,0,0,0,0,0,0,0,0,0,0,0,0,0,0,0,0,0,0,0,0,0,0,0,0,0,0,0,0,0,0,0,0,0,0,0,0
OTU57,0,0,0,0,0,0,0,0,0,0,0,0,0,0,0,0,0,0,0,0,0,0,0,0,0,0,0,0,0,0,0,0,0,0,0,0,0,0,0,0,0,0,0,0,0,0,0,0,0,0,0,0,0,0,0,0,0,0,0,0,0,0,0,0,0,0,0,0,0,0,0,0,0,0,0,0,0,0,0,0,0,0,0,4,0,0,0,0,0,0,0,0,0,0,0,0,0,0,0,0,0,0,0,0,0,0,0,0,0,0,0,0,0,0,0,0,0,0,0,0,0,0,0,0,0,0,0,0,0,0,0,0,0,0
OTU58,0,0,0,0,0,0,0,0,0,0,0,0,0,0,0,0,0,0,0,0,0,0,0,0,0,0,0,0,0,0,0,0,0,0,0,0,0,0,0,0,0,0,0,0,0,0,0,0,0,0,0,0,0,0,0,0,0,16,0,0,0,0,0,0,0,0,0,0,0,0,0,0,0,0,0,0,0,0,0,0,0,0,0,0,0,0,0,0,0,0,0,0,0,0,0,0,0,0,0,0,0,0,0,0,0,0,0,0,0,0,0,0,0,0,0,0,0,0,0,0,0,0,0,0,0,0,0,0,0,0,0,0,0,0
OTU59,0,0,0,0,0,0,0,0,0,0,0,0,0,0,0,0,0,0,0,0,0,0,0,0,0,0,0,0,0,0,0,0,0,0,0,0,0,0,0,0,0,0,0,0,0,0,0,0,0,0,0,0,0,0,0,0,0,0,0,0,0,0,0,0,0,0,0,0,0,0,0,0,0,0,0,0,0,0,0,0,0,0,0,0,0,0,0,0,0,0,0,0,0,0,0,0,0,0,15,0,0,0,0,0,0,0,0,0,0,0,0,0,0,0,0,0,0,0,0,0,0,0,0,0,0,0,0,0,0,0,0,0,0,0
OTU6,0,0,0,0,0,0,0,0,0,0,0,0,1,0,0,0,0,0,0,0,0,0,0,0,0,0,0,0,0,0,0,0,0,0,0,0,0,0,0,0,0,0,0,0,0,0,0,0,0,0,0,0,0,0,0,0,0,0,0,0,0,0,0,0,0,0,0,0,0,0,0,0,0,0,0,0,0,0,0,0,0,0,0,0,0,0,0,0,0,0,0,0,0,0,0,0,0,0,0,0,0,0,0,0,0,0,0,0,0,0,0,0,0,0,0,0,0,0,0,0,0,0,0,0,0,0,0,0,0,0,0,0,0,0
OTU60,0,0,0,0,0,0,0,0,0,0,0,0,0,0,0,0,0,0,0,0,0,0,0,0,0,0,0,0,0,0,0,0,0,0,0,0,0,0,0,0,0,0,0,0,0,0,0,0,0,0,0,0,0,0,0,0,0,0,0,0,0,0,0,0,0,0,0,0,0,0,0,0,0,0,0,0,0,0,0,0,0,0,6,0,0,0,0,0,0,0,0,0,0,0,0,0,0,0,0,0,0,0,0,0,0,0,0,0,0,0,0,0,0,0,0,0,0,0,0,0,0,0,0,0,0,0,0,0,0,0,0,0,0,0
OTU61,0,0,0,0,0,0,0,0,0,0,0,0,0,0,0,0,0,0,0,0,0,0,0,0,0,0,0,0,0,0,0,0,0,0,0,0,0,0,0,0,10,0,0,0,0,0,0,0,0,0,0,0,0,0,0,0,0,0,0,0,0,0,0,0,0,0,0,0,0,0,0,0,0,0,0,0,0,0,0,0,0,0,0,0,0,0,0,0,0,0,0,0,0,0,0,0,0,0,0,0,0,0,0,0,0,0,0,0,0,0,0,0,0,0,0,0,0,0,0,0,0,0,0,0,0,0,0,0,0,0,0,0,0,0
OTU62,0,0,0,0,0,0,0,0,0,0,0,0,0,0,0,0,0,0,0,0,0,0,0,0,0,0,0,0,0,0,0,0,0,0,0,0,0,0,0,0,0,0,0,0,0,0,0,0,0,0,0,0,0,0,0,0,0,0,0,0,0,0,0,5,0,0,0,0,0,0,0,0,0,0,0,0,0,0,0,0,0,0,0,0,0,0,0,0,0,0,0,0,0,0,0,0,0,0,0,0,0,0,0,0,0,0,0,0,0,0,0,0,0,0,0,0,0,0,0,0,0,0,0,0,0,0,0,0,0,0,0,0,0,0
OTU63,0,0,0,0,0,0,0,0,0,0,0,0,0,0,0,0,0,0,0,0,0,0,0,0,0,0,0,0,0,0,0,0,0,0,0,0,0,0,0,0,0,0,0,0,0,0,0,0,0,0,0,0,0,0,0,0,0,0,0,0,0,0,0,3,0,0,0,0,0,0,0,0,0,0,0,0,0,0,0,0,0,0,0,0,0,0,0,0,0,0,0,0,0,0,0,0,0,0,0,0,0,0,0,0,0,0,0,0,0,0,0,0,0,0,0,0,0,0,0,0,0,0,0,0,0,0,0,0,0,0,0,0,0,0
OTU64,0,0,0,0,0,0,0,0,0,0,0,0,0,0,0,0,0,0,0,0,0,0,0,0,0,0,0,0,0,0,0,0,0,0,0,0,0,0,0,0,0,0,0,0,0,0,0,0,0,0,0,0,0,0,0,0,0,0,0,0,0,0,0,1,0,0,0,0,0,0,0,0,0,0,0,0,0,0,0,0,0,0,0,0,0,0,0,0,0,0,0,0,0,0,0,0,0,0,0,0,0,0,0,0,0,0,0,0,0,0,0,0,0,0,0,0,0,0,0,0,0,0,0,0,0,0,0,0,0,0,0,0,0,0
OTU65,0,0,0,0,0,0,0,0,0,0,0,0,0,0,0,0,0,0,0,0,0,0,0,0,0,0,0,0,0,0,0,0,0,0,0,0,0,0,0,0,0,0,0,0,0,0,0,0,0,0,0,0,0,0,0,0,0,0,0,0,0,0,0,5,0,0,0,0,0,0,0,0,0,0,0,0,0,0,0,0,0,0,0,0,0,0,0,0,0,0,0,0,0,0,0,0,0,0,0,0,0,0,0,0,0,0,0,0,0,0,0,0,0,0,0,0,0,0,0,0,0,0,0,0,0,0,0,0,0,0,0,0,0,0
OTU66,61,3,0,0,14,48,0,1,33,19,12,1,0,0,466,109,14,228,5,8,0,11,0,19,3,3,9,1,14,0,0,67,0,0,0,93,142,57,1,5,1,33,0,0,31,16,31,78,8,26,245,0,1,0,169,25,4,1,1,34,2,13,86,51,43,56,85,10,10,1,9,26,10,29,133,62,8,18,0,200,13,0,0,0,2,0,13,0,0,101,1,0,177,99,141,0,0,1,151,0,10,25,0,406,0,0,79,126,4,0,48,8,12,44,0,6,13,0,0,33,0,0,16,9,0,1,0,1,0,0,0,0,0,0
OTU67,0,0,0,0,0,0,0,0,0,0,0,0,0,0,0,0,0,0,0,0,0,0,0,0,0,0,0,0,0,0,0,0,0,0,0,0,0,0,0,0,0,0,0,0,0,0,0,0,0,0,0,0,0,0,0,0,0,0,0,0,0,0,0,3,0,0,0,0,0,0,0,0,0,0,0,0,0,0,0,0,0,0,0,0,0,0,0,0,0,0,0,0,0,0,0,0,0,0,0,0,0,0,0,0,0,0,0,0,0,0,0,0,0,0,0,0,0,0,0,0,0,0,0,0,0,0,0,0,0,0,0,0,0,0
OTU68,0,0,0,0,0,0,0,0,0,0,0,0,0,0,0,0,0,0,0,0,0,0,0,0,0,0,0,0,0,0,0,0,0,0,0,0,0,0,0,0,0,0,0,0,0,0,0,0,0,0,0,0,0,0,0,0,0,0,0,0,0,0,0,0,4,0,0,0,0,0,0,0,0,0,0,0,0,0,0,0,0,0,0,0,0,0,0,0,0,0,0,0,0,0,0,0,0,0,0,0,0,0,0,0,0,0,0,0,0,0,0,0,0,0,0,0,0,0,0,0,0,0,0,0,0,0,0,0,0,0,0,0,0,0
OTU69,3,0,0,0,0,1,0,0,0,0,0,0,0,0,1,3,0,0,0,0,0,0,0,0,0,0,0,0,0,0,0,0,0,0,0,0,0,0,0,0,1,3,0,0,0,9,0,1,0,0,2,0,0,0,0,0,0,0,0,0,0,0,0,1,0,0,0,0,0,0,0,0,0,0,0,0,0,0,0,0,9,0,0,0,0,0,0,0,0,0,0,0,0,0,0,0,0,0,0,0,0,0,0,2,0,0,0,0,0,0,0,0,0,0,0,0,0,0,0,0,0,0,0,0,0,0,0,0,0,0,0,0,0,0
OTU7,79,55,0,138,0,21,0,0,202,7,0,0,0,30,23,52,14,23,23,36,5,53,6,63,5,61,37,138,7,7,22,62,42,96,37,17,66,1,3,3,19,15,33,2,15,54,34,153,158,1,0,64,39,24,2,55,7,12,3,61,74,15,7,21,70,85,17,17,218,25,6,296,94,11,33,44,62,524,116,0,0,0,0,0,0,0,0,0,0,0,0,0,0,0,0,0,0,0,0,0,0,0,0,0,0,0,0,0,0,0,0,0,0,0,0,0,0,0,0,0,0,0,0,0,0,0,0,0,0,0,0,0,0,0
OTU70,0,0,0,0,0,0,0,0,0,0,0,0,0,0,0,0,0,0,0,0,0,0,0,0,0,0,0,0,0,0,0,0,0,0,0,0,0,0,0,0,0,0,0,0,0,4,0,0,0,0,0,0,0,0,0,0,0,0,0,0,0,0,0,0,0,0,0,0,0,0,0,0,0,0,0,0,0,0,0,0,0,0,0,0,0,0,0,0,0,0,0,0,0,0,0,0,0,0,0,0,0,0,0,0,0,0,0,0,0,0,0,0,0,0,0,0,0,0,0,0,0,0,0,0,0,0,0,0,0,0,0,0,0,0
OTU71,0,0,0,0,0,0,0,0,0,0,0,0,0,0,0,0,0,0,0,0,0,0,0,0,0,0,0,0,0,0,0,0,0,0,0,0,0,0,0,0,0,0,0,0,0,5,0,0,0,0,0,0,0,0,0,0,0,0,0,0,0,0,0,0,0,0,0,0,0,0,0,0,0,0,0,0,0,0,0,0,0,0,0,0,0,0,0,0,0,0,0,0,0,0,0,0,0,0,0,0,0,0,0,0,0,0,0,0,0,0,0,0,0,0,0,0,0,0,0,0,0,0,0,0,0,0,0,0,0,0,0,0,0,0
OTU72,0,0,0,0,0,0,0,0,0,0,0,0,0,0,0,0,0,0,0,0,0,0,0,0,0,0,0,0,0,0,0,0,0,0,0,0,0,0,0,0,0,0,0,0,0,0,0,0,0,0,0,0,0,0,0,0,0,0,0,0,0,0,0,0,0,0,0,0,0,0,0,0,0,0,0,0,0,0,0,0,0,0,0,0,0,0,0,0,0,0,0,0,0,0,0,0,0,0,0,0,0,0,0,0,0,0,0,0,0,0,0,0,0,0,0,0,0,8,0,0,0,0,0,0,0,0,0,0,0,0,0,0,0,0
OTU73,0,0,0,0,0,0,0,0,0,0,0,0,0,0,0,0,0,0,0,0,0,0,0,0,0,0,0,0,0,0,0,0,0,0,0,0,0,0,0,0,0,0,0,0,0,0,0,0,2,0,0,0,0,0,0,0,0,0,0,0,0,0,0,0,0,0,0,0,0,0,0,0,0,0,0,0,0,0,0,0,0,0,0,0,0,0,0,0,0,0,0,0,0,0,0,0,0,0,0,0,0,0,0,0,0,0,0,0,0,0,0,0,0,0,0,0,0,0,0,0,0,0,0,0,0,0,0,0,0,0,0,0,0,0
OTU74,0,0,0,0,0,0,0,0,0,0,0,0,0,0,1,0,0,0,0,0,0,0,0,2,0,0,0,0,0,0,0,0,4,0,0,0,0,0,0,0,0,0,0,0,0,0,0,0,0,0,0,0,0,0,2,0,0,0,0,0,0,0,0,0,0,0,0,0,0,0,0,0,0,0,0,0,0,0,0,0,0,0,0,0,0,0,0,0,0,0,0,0,0,0,0,0,0,0,0,0,0,0,0,0,0,0,0,0,0,0,0,0,0,0,0,0,0,0,0,0,0,0,0,0,0,0,0,0,0,0,0,0,0,0
OTU75,0,4,0,0,38,0,0,1,2,4,17,0,0,8,0,24,2,2,3,17,0,6,0,38,2,19,16,1,0,0,15,33,48,42,0,4,8,19,0,15,0,1,3,0,1,2,0,5,5,22,11,11,0,0,4,15,11,0,0,2,3,7,5,4,16,2,1,0,6,2,0,27,0,0,4,14,4,10,0,9,3,10,0,0,0,1,7,9,0,6,1,0,23,2,1,12,0,0,2,1,2,3,0,8,0,5,9,18,42,5,7,53,26,4,7,25,30,0,0,0,0,0,19,0,0,0,0,17,0,0,0,0,0,0
OTU76,100,275,0,255,24,50,0,0,156,0,58,27,76,699,99,319,120,296,916,887,148,310,2,1356,897,2,154,0,90,7,90,136,440,1071,0,30,120,124,1,25,99,231,183,0,14,155,7,169,636,467,339,290,213,135,208,118,138,125,614,77,453,53,1132,177,738,8,30,78,819,150,0,164,66,34,237,3579,191,22,87,403,43,14,510,0,0,67,0,216,125,527,527,0,177,2133,224,593,0,0,1049,1,1290,2662,0,809,0,567,149,219,428,69,6,648,295,720,963,22,22,2303,0,5,8445,11,1,0,0,0,0,1,0,0,0,0,0,0
OTU77,0,0,0,0,0,0,0,0,0,0,0,0,0,0,0,0,0,0,0,0,0,0,0,0,0,0,0,0,0,0,0,0,0,0,0,0,0,0,0,0,0,0,0,0,0,0,0,2,0,0,0,0,0,0,0,0,0,0,0,0,0,0,0,0,0,0,0,0,0,0,0,0,0,0,0,0,0,0,0,0,0,0,0,0,0,0,0,0,0,0,0,0,0,0,0,0,0,0,0,0,0,0,0,0,0,0,0,0,0,0,0,0,0,0,0,0,0,0,0,0,0,0,0,0,0,0,0,0,0,0,0,0,0,0
OTU78,2,0,0,13,33,31,12,0,2,0,0,0,13,0,3,1,0,0,4,3,0,0,11,0,2,5,0,48,4,0,0,1,0,0,11,17,0,0,0,21,0,6,0,0,14,3,60,25,0,0,20,0,10,1,9,11,2,0,0,10,0,3,0,2,0,5,19,72,1,2,56,5,2,42,42,3,2,0,0,0,0,0,0,6,2,0,26,0,0,8,0,0,3,3,2,0,0,3,0,7,0,0,17,2,31,0,0,4,0,0,15,0,26,0,0,3,30,0,0,4,1,27,48,7,46,0,8,21,0,0,37,17,33,14
OTU79,3,0,0,0,0,1,0,0,12,0,0,0,0,0,18,19,0,8,0,0,0,4,0,1,0,0,0,0,0,0,0,2,0,0,0,4,15,8,0,0,0,0,0,0,0,0,0,4,1,3,10,0,0,0,15,0,0,0,0,2,0,1,2,4,1,4,4,1,1,0,3,5,0,0,4,4,0,0,0,16,2,0,0,0,0,0,0,0,0,1,0,0,11,3,5,0,0,0,0,0,0,0,0,41,0,0,16,4,0,0,1,4,0,1,0,0,0,0,0,0,0,0,0,0,0,0,0,0,0,0,0,0,0,0
OTU8,0,0,0,0,0,0,0,0,0,0,0,0,0,0,0,0,0,0,0,0,0,0,0,0,0,0,0,0,0,0,0,0,0,0,0,0,0,0,0,0,0,0,0,0,0,0,18,0,0,0,0,0,0,0,0,0,0,0,0,0,0,0,0,0,0,0,0,0,0,0,0,0,0,0,0,0,0,0,0,0,0,0,0,0,0,0,0,0,0,0,0,0,0,0,0,0,0,0,0,0,0,0,0,0,0,0,0,0,0,0,0,0,0,0,0,0,0,0,0,0,0,0,0,0,0,0,0,0,0,0,0,0,0,0
OTU80,0,0,0,0,0,0,0,0,0,0,0,0,0,0,0,0,0,0,0,0,0,0,0,0,0,0,0,0,0,0,0,0,0,0,0,0,0,0,0,0,0,0,0,0,0,0,0,0,0,0,0,0,0,0,0,0,0,0,0,0,0,0,0,0,0,0,0,0,0,0,0,0,0,0,0,0,0,0,0,0,0,0,0,0,0,0,0,0,0,0,0,0,0,0,0,0,0,0,0,0,0,0,0,0,0,0,0,0,0,0,0,0,0,0,0,0,0,0,0,0,0,0,0,0,0,0,0,0,0,0,0,0,10,0
OTU81,0,15,0,0,0,1775,1,0,0,0,1311,0,0,0,0,0,145,1,0,0,0,0,1226,28,0,0,0,2416,1128,0,0,0,0,0,532,0,105,365,980,0,0,0,0,0,0,0,0,551,160,51,50,0,0,0,105,1640,0,0,275,437,0,562,0,179,0,252,34,0,0,59,0,0,0,289,0,86,0,0,0,1,0,0,0,0,0,0,2093,0,0,0,0,0,0,0,732,0,0,1568,282,1455,0,0,1324,0,0,0,155,19,0,4,438,76,1,322,3,0,0,0,0,0,0,0,0,0,2922,0,2528,0,0,7159,0,0,0,0
OTU82,33,12,0,0,54,11,0,0,13,70,0,116,0,16,22,5,0,17,63,124,56,104,0,49,0,0,102,30,8,1,31,63,40,70,0,20,46,30,0,70,19,10,14,16,15,4,0,28,18,159,11,9,0,0,47,66,37,9,2,4,16,32,62,32,7,23,17,1,41,13,0,68,38,7,32,10,29,66,15,45,13,46,13,0,0,0,4,25,82,43,58,0,98,59,11,79,0,28,4,1,129,181,0,31,0,164,126,88,17,13,47,59,25,99,54,0,13,1,0,0,31,0,94,0,0,0,0,0,0,0,0,0,0,0
OTU83,0,0,0,0,0,0,0,0,0,0,0,0,0,0,0,0,0,0,0,0,0,0,0,0,0,0,0,0,5,55,0,0,5,0,0,0,0,0,0,0,0,28,0,0,0,0,0,0,0,0,0,0,0,0,0,0,0,6,0,0,0,0,0,0,0,0,0,0,0,0,0,0,2,0,0,0,0,0,0,0,0,0,0,0,0,0,0,0,0,0,0,0,0,0,0,0,0,0,0,0,0,0,0,0,0,0,0,0,0,0,0,0,0,0,0,0,0,0,0,0,0,0,0,0,0,0,0,0,0,0,0,0,0,0
OTU84,0,0,0,0,0,0,0,0,0,0,0,0,0,0,0,0,0,0,0,0,0,0,0,0,0,0,0,0,0,0,0,0,0,0,0,0,0,0,0,0,0,0,0,0,0,0,0,0,0,0,0,0,0,0,0,0,0,0,0,0,0,0,0,0,0,0,0,0,0,0,12,0,0,0,0,0,0,0,0,0,0,0,0,0,0,0,0,0,0,0,0,0,0,0,0,0,0,0,0,0,0,0,0,0,0,0,0,0,0,0,0,0,0,0,0,0,0,0,0,0,0,0,0,0,0,0,0,0,0,0,0,0,0,0
OTU85,0,0,0,0,0,0,0,0,0,0,0,0,0,0,0,0,0,0,0,0,0,0,0,0,0,0,0,0,0,0,0,0,0,0,0,0,0,0,0,0,0,0,0,0,0,0,0,0,0,0,0,4,0,0,0,0,0,0,0,0,0,0,0,0,0,0,0,0,0,0,5,0,0,0,0,0,0,0,0,0,0,0,0,0,0,0,0,0,0,0,0,0,0,0,0,0,0,0,0,0,0,0,0,0,0,0,0,0,0,0,0,0,0,0,0,0,0,0,0,0,0,0,0,0,0,0,0,0,0,0,0,0,0,0
OTU86,0,0,0,0,0,0,0,0,0,0,0,0,0,0,0,0,0,0,0,0,0,0,0,0,0,0,0,0,0,0,0,0,0,0,0,0,0,0,0,0,0,0,0,0,0,0,0,0,0,0,0,0,0,0,0,0,0,0,0,0,0,0,0,0,0,0,0,0,0,0,0,0,0,0,0,0,0,0,0,0,0,0,0,0,0,0,0,0,0,0,0,0,0,0,0,0,0,0,0,0,0,0,0,0,0,0,0,2,0,0,0,0,0,0,0,0,0,0,0,0,0,0,0,0,0,0,0,0,0,0,0,0,0,0
OTU87,789,301,0,47,141,427,17,25,471,423,62,248,0,407,643,1095,246,410,247,627,3096,1630,0,346,573,14,447,83,104,171,372,432,1492,874,92,682,485,1012,2,175,566,286,1099,77,838,312,74,1453,629,631,753,313,0,776,1775,314,1082,249,31,262,178,534,609,1587,627,1768,378,28,315,868,0,1225,701,166,969,1202,483,741,251,832,798,783,195,0,18,0,663,1387,2007,1395,878,0,1556,688,534,1926,0,248,285,34,1977,731,0,700,0,1137,827,842,1647,855,573,1777,186,352,532,2,1941,1752,0,3,276,0,345,265,0,0,0,0,35,0,0,0,0,0
OTU88,0,0,0,0,0,0,0,0,0,0,0,0,0,0,0,0,0,0,0,0,0,0,0,0,0,0,0,0,0,0,0,0,0,0,0,0,0,0,0,0,0,0,0,0,0,0,0,0,0,0,0,0,0,0,0,0,281,0,0,17,0,0,0,0,0,0,0,0,0,0,0,0,0,0,0,0,0,0,0,0,0,0,0,0,0,0,0,0,0,1,0,0,0,0,0,0,0,0,0,0,0,0,0,0,0,0,0,0,0,0,0,0,0,0,0,0,0,0,0,0,0,0,0,0,0,0,0,0,0,0,0,0,0,0
OTU89,0,0,0,0,0,0,0,0,0,0,0,0,0,0,0,0,0,0,0,0,0,0,0,0,0,0,0,0,10,59,0,0,6,0,0,0,0,0,0,0,0,19,0,0,0,1,0,0,0,0,0,0,0,0,0,0,0,4,0,0,0,1,0,0,0,0,0,0,0,0,0,0,0,0,0,1,1,0,1,0,0,0,0,0,0,0,0,0,0,0,0,0,0,0,0,0,0,0,0,0,0,0,0,0,0,0,0,0,0,0,0,0,0,0,0,0,0,0,0,0,0,0,0,0,0,0,0,0,0,0,0,0,0,0
OTU9,0,0,0,0,0,0,0,0,0,0,0,0,0,0,0,0,0,0,0,0,0,0,0,0,0,0,0,0,0,0,0,0,0,0,0,0,0,0,0,0,0,0,0,0,0,0,1,0,0,0,0,0,0,0,0,0,0,0,0,0,0,0,0,0,0,0,0,0,0,0,0,0,0,0,0,0,0,0,0,0,0,0,0,0,0,0,0,0,0,0,0,0,0,0,0,0,0,0,0,0,0,0,0,0,0,0,0,0,0,0,0,0,0,0,0,0,0,0,0,0,0,0,0,0,0,0,0,0,0,0,0,0,0,0
OTU90,0,0,0,0,0,0,0,0,0,0,0,0,0,0,0,0,0,0,0,0,0,0,0,0,0,0,0,0,0,8,0,0,0,0,0,0,0,0,0,0,0,0,0,0,0,0,0,0,0,0,0,0,0,0,0,0,0,0,0,0,0,0,0,0,0,0,0,0,0,0,0,0,0,0,0,0,0,0,0,0,0,0,0,0,0,0,0,0,0,0,0,0,0,0,0,0,0,0,0,0,0,0,0,0,0,0,0,0,0,0,0,0,0,0,0,0,0,0,0,0,0,0,0,0,0,0,0,0,0,0,0,0,0,0
OTU91,0,0,0,0,0,0,0,0,0,0,0,0,0,0,0,0,0,0,0,0,0,0,0,0,0,0,0,0,0,0,0,1,0,0,0,0,0,0,0,0,0,0,0,0,0,0,0,0,0,0,0,0,0,0,0,0,0,0,0,0,0,0,0,0,0,0,0,0,0,0,0,0,0,0,0,0,0,0,0,0,0,0,0,0,0,0,0,0,0,0,0,0,0,0,0,0,0,0,0,0,0,0,0,0,0,0,0,0,0,0,0,0,0,0,0,0,0,0,0,0,0,0,0,0,0,0,0,0,0,0,0,0,0,0
OTU92,0,0,5,1,1,1,0,2,0,9,7,0,0,4,5,16,1,7,0,1,3,4,0,5,3,0,1,0,0,0,3,17,2,3,0,2,12,10,5,4,3,2,3,0,1,1,0,1,14,7,4,0,0,2,19,1,9,0,0,1,5,3,8,8,1,2,2,0,7,9,0,3,1,1,5,7,3,1,0,4,2,0,0,0,3,0,5,3,6,3,12,0,3,8,1,9,0,1,4,6,5,6,0,17,0,10,8,13,4,11,6,4,0,2,3,3,0,6,0,0,0,5,14,0,0,0,0,0,0,0,0,0,0,0
OTU93,0,0,0,0,0,0,0,0,0,0,0,0,0,0,0,0,0,0,0,35,0,0,0,0,0,0,0,0,235,0,0,0,0,0,0,2,0,0,0,0,0,26,0,118,0,419,4,0,0,0,0,58,2353,14,0,0,0,1017,0,0,0,67,540,0,0,0,0,0,0,0,0,0,183,0,0,0,365,0,0,0,0,0,0,0,0,0,0,0,0,0,0,0,0,0,0,0,0,0,0,0,0,0,0,0,0,0,0,0,0,0,0,0,0,0,0,0,0,0,0,0,0,0,0,0,0,0,0,0,0,0,0,0,0,0
OTU94,1,87,0,0,0,79,0,1,170,3,512,3,0,0,0,0,93,22,0,0,201,0,5045,7,894,1,0,0,8,0,0,0,0,0,282,0,14,0,0,0,0,6,1,0,965,0,0,476,0,153,1,7,118,0,235,112,0,30,304,1562,145,99,2,0,50,803,1,52,0,47,0,155,0,110,0,0,0,0,0,0,16,0,0,1,0,0,295,0,0,0,0,1,199,0,303,0,38603,742,1510,2118,266,0,0,0,0,0,8,12,0,0,1,51,1803,0,0,0,0,0,0,900,0,0,1742,0,4,4,862,0,0,2065,3,211,1,10519
OTU95,1,1,0,0,3,1,0,0,20,0,0,0,0,0,3,65,1,4,1,2,0,10,0,0,0,0,0,0,0,0,0,8,0,0,0,1,13,7,0,0,0,3,0,0,1,1,3,38,5,6,27,0,0,0,45,7,0,0,0,6,0,3,2,6,1,5,5,3,32,2,1,10,12,2,13,10,1,0,0,4,0,0,0,0,0,0,0,0,0,10,0,0,16,19,3,0,0,0,0,0,0,6,0,39,0,0,6,37,2,5,1,19,0,4,0,1,1,0,0,1,0,0,1,0,0,0,1,0,0,0,0,0,0,0
OTU96,28,2,0,0,9,46,0,0,42,0,0,0,0,0,21,36,11,88,2,7,0,9,3,1,1,3,0,0,0,0,0,15,0,0,4,32,9,51,1,1,0,1,0,1,6,11,45,140,8,11,75,0,3,0,90,21,0,1,9,24,0,12,6,15,11,64,22,10,33,1,7,70,31,40,52,25,22,25,1,5,2,0,0,1,0,1,1,1,0,20,0,0,5,80,84,0,0,0,7,0,2,5,1,50,2,0,11,26,1,2,17,29,12,21,0,0,6,0,2,24,0,0,4,0,0,0,0,0,0,0,0,0,0,0
OTU97,42,3,0,5,43,245,117,0,175,1,6,1,0,0,96,216,23,361,21,27,3,57,33,10,4,22,1,4,13,13,0,87,0,2,9,152,71,133,40,14,6,46,4,1,90,69,146,477,49,84,391,0,9,2,422,73,4,14,15,89,1,102,53,48,37,260,129,46,151,16,86,162,158,80,213,157,45,45,0,63,16,0,0,1,3,0,8,1,0,206,2,0,119,283,219,0,0,8,31,6,10,33,1,208,2,0,28,115,12,10,137,68,64,58,0,1,48,0,59,22,1,2,26,3,17,0,1,16,1,4,4,0,0,0
OTU98,0,0,0,0,0,0,0,0,0,0,0,0,0,0,0,0,0,0,0,0,0,0,0,0,0,0,0,0,0,0,0,0,0,0,0,0,0,0,0,0,0,0,0,0,0,0,0,0,0,0,0,0,0,0,0,0,0,0,0,0,0,0,0,0,0,0,0,0,0,0,0,0,2,0,0,0,0,0,0,0,0,0,0,0,0,0,0,0,0,0,0,0,0,0,0,0,0,0,0,0,0,0,0,0,0,0,0,0,0,0,0,0,0,0,0,0,0,0,0,0,0,0,0,0,0,0,0,0,0,0,0,0,0,0
OTU99,0,0,0,0,0,0,0,0,0,0,0,0,0,0,0,0,0,0,0,0,0,0,0,0,0,0,0,0,0,0,0,0,0,0,0,0,0,0,0,0,0,0,0,0,0,0,0,0,0,0,0,0,0,0,0,0,0,0,0,0,0,0,0,0,0,0,0,0,0,0,0,0,35,0,0,0,0,0,0,0,0,0,0,0,0,0,0,0,0,0,0,0,0,0,0,0,0,0,0,0,0,0,0,0,0,0,0,0,0,0,0,0,0,0,0,0,0,0,0,0,0,0,0,0,0,0,0,0,0,0,0,0,0,0
